accession	name	4_268809_0_4_269962_8
7514	RRS-7	1
7515	RRS-10	1
6927	Knox-10	0
6928	Knox-18	1
7524	Rmx-A02	1
7525	Rmx-A180	1
7523	Pna-17	1
7526	Pna-10	1
6009	Eden-1	0
6913	Eden-2	0
6043	Lov-1	0
6046	Lov-5	0
6917	Fab-2	0
6918	Fab-4	1
6900	Bil-5	1
6901	Bil-7	1
7516	Var2-1	0
7517	Var2-6	0
6964	Spr1-2	0
6965	Spr1-6	1
7518	Omo2-1	0
7519	Omo2-3	1
6974	Ull2-5	1
6973	Ull2-3	1
6984	Zdr-1	0
6985	Zdr-6	0
5837	Bor-1	0
6903	Bor-4	0
6956	Pu2-7	1
6951	Pu2-23	1
7520	Lp2-2	1
7521	Lp2-6	1
6924	HR-5	0
6923	HR-10	0
6944	NFA-8	0
6943	NFA-10	1
6966	Sq-1	0
6967	Sq-8	1
6908	CIBC-5	1
6907	CIBC-17	1
6968	Tamm-2	0
6969	Tamm-27	0
6930	Kz-1	0
6931	Kz-9	1
6921	Got-7	0
6920	Got-22	1
6959	Ren-1	1
6960	Ren-11	1
6975	Uod-1	1
6976	Uod-7	1
6911	Cvi-0	0
6936	Lz-0	1
6915	Ei-2	1
6922	Gu-0	1
6932	Ler-1	1
6942	Nd-1	1
6906	C24	0
7438	CS22491	1
6979	Wei-0	1
6980	Ws-0	1
6983	Yo-0	1
6909	Col-0	1
6898	An-1	1
6977	Van-0	1
6904	Br-0	0
6916	Est-1	0
6897	Ag-0	0
8214	Gy-0	1
6958	Ra-0	1
6899	Bay-0	1
6919	Ga-0	1
6937	Mrk-0	1
6940	Mz-0	0
6982	Wt-5	1
8424	Kas-2	0
6910	Ct-1	1
7522	Mr-0	1
6972	Tsu-1	1
6939	Mt-0	1
6945	Nok-3	1
6978	Wa-1	0
8215	Fei-0	1
6961	Se-0	1
6970	Ts-1	1
6971	Ts-5	1
8213	Pro-0	1
6933	LL-0	1
6929	Kondara	1
6962	Shahdara	0
6963	Sorbo	1
6926	Kin-0	1
6938	Ms-0	0
6905	Bur-0	1
6914	Edi-0	1
6946	Oy-0	1
6981	Ws-2	0
7453	M3385S	0
8238	Kent	0
8374	Rsch-4	1
8230	Algutsrum	1
8335	Lund	0
8239	Köln	1
8246	NC-6	1
8249	Vimmerby	0
6957	Pu-2-8	1
8233	Dem-4	0
6830	Kz-13	0
6709	Bg-2	0
8380	Sf-1	0
8290	En-1	1
8300	Gr-1	1
8254	Ang-0	1
8244	N6034	0
8271	Bu-0	1
8296	Gd-1	0
8304	Hi-0	0
8310	Hs-0	0
8312	Is-0	1
8313	Jm-0	1
8314	Ka-0	0
8411	Rd-0	0
8243	N6002	0
8245	N6187	0
8252	Alc-0	0
8264	Bla-1	0
8265	Blh-1	0
8270	Bs-1	0
8274	Can-0	0
8275	Cen-0	0
8278	Co	1
8297	Ge-0	0
8303	H55	0
8311	In-0	0
8323	Lc-0	0
8325	Lip-0	1
8329	Lm-2	0
8334	Lu-1	0
8337	Mir-0	0
8343	Na-1	0
8348	Nw-0	0
8351	Ost-0	0
8353	Pa-1	0
8354	Per-1	1
8355	Petergof	0
8356	Pi-0	0
8357	Pla-0	0
8365	Rak-2	0
8375	Rubezhnoe-1	0
8377	Santa Clara	0
8378	Sap-0	0
8387	St-0	1
8388	Stw-0	1
8389	Ta-0	1
8395	Tu-0	0
6024	Fly-2-2	0
8369	Rev-1	0
8306	Hov-4-1	1
8247	San-2	1
8266	Boo-2-1	1
6042	Lom-1-1	1
8282	Di-0	1
8242	Lillö-1	0
8231	Brö-1-6	1
8255	App-1-4	0
8234	Gul-1-2	1
8256	Bå-1-2	1
8257	Bå-3-3	1
8258	Bå-4-1	1
8259	Bå-5-1	1
8283	Dra-3-1	0
6040	Kni-1	1
6088	Stu-1-1	0
6074	Ör-1	1
8326	Lis-1	1
8222	Lis-2	1
8327	Lis-5	1
6039	Hovdala-2	1
8307	Hovdala-6	0
6243	Tottarp-2	0
8241	Liarum	0
8240	Kulturen-1	0
8237	Kävlinge-1	1
6016	Eds-1	1
6064	Nyl-2	1
8376	Sanna-2	0
8386	Sr:5	0
6008	Duk	0
8235	Hod	0
8236	HSm	1
8284	DraII-1	1
8285	DraIII-1	1
8305	Hov-2-2	1
8419	Will	0
